#,Company Name,Owner/Manager Name,Email,Phone,City,State,Website,Source,Batch,Date Sent,Email Opened,Video Watched,Responded,Response Date,Sentiment,Key Objection,Our Response,Next Step,Call Scheduled,Call Date,Call Notes,Willing to Beta,Follow-up Date,Final Status,Notes
1,Unknown,Glen Gaode,glengaode@gmail.com,,Chicago,IL,,Warm intro,1,,,,,,,,,,,,,,,
2,Greenway Manor,Jaki B,jaki@thegreenwaymanor.com,,Scottsdale,AZ,thegreenwaymanor.com,Warm intro,1,,,,,,,,,,,,,,,
3,55Home Care,Glen Co,glenco55@yahoo.com,,Arizona,AZ,,Warm intro,1,,,,,,,,,,,,,,,
4,,,,,,,,,,,,,,,,,,,,,,,,,
5,,,,,,,,,,,,,,,,,,,,,,,,,
6,,,,,,,,,,,,,,,,,,,,,,,,,
7,,,,,,,,,,,,,,,,,,,,,,,,,
8,,,,,,,,,,,,,,,,,,,,,,,,,
9,,,,,,,,,,,,,,,,,,,,,,,,,
10,,,,,,,,,,,,,,,,,,,,,,,,,